text,createTime,createTimeISO,isAd,profileUrl,musicName,musicId,webVideoUrl,duration,diggCount,shareCount,playCount,collectCount,commentCount,hashtags,isSlideshow,isSponsored,kol_username,ttSeller,commerceUser,is_trending,emoji_count,hashtag_count,word_count_no_emoji_hashtag,early_morning,morning,afternoon,evening,late_night,is_weekend,is_pinned
,5/18/2025 11:42,18/05/2025,FALSE,https://www.tiktok.com/@xukamechamda,nh·∫°c n·ªÅn - Xuka m√™ chƒÉm da,7.50564E+18,https://www.tiktok.com/@xukamechamda/video/7505641594033376519,27,16,0,488,1,2,,FALSE,FALSE,xukamechamda,FALSE,TRUE,FALSE,0,0,0,0,1,0,0,0,1,FALSE
Th√™m 1 em srm ngon b·ªï r·∫ª ƒë√°ng th·ª≠ #anetosvietnam #anetos #srm #duongam #voucher40K #skincaremoingay #GocLamDep #chamsocdamun ,4/23/2025 20:55,23/04/2025,FALSE,https://www.tiktok.com/@xukamechamda,nh·∫°c n·ªÅn - Xuka m√™ chƒÉm da,7.49651E+18,https://www.tiktok.com/@xukamechamda/video/7496506895084129544,63,14,0,498,1,2,"anetosvietnam, anetos, srm, duongam, voucher40k, skincaremoingay, goclamdep, chamsocdamun",FALSE,FALSE,xukamechamda,FALSE,TRUE,FALSE,0,8,9,0,0,0,1,0,0,FALSE
1 chi·∫øc kem d∆∞·ª°ng m√† tui r·∫•t t√¢m ƒë·∫Øc #skincare #reviewmypham #dadaumun #phuchoidamongyeu #embryolisse #xukamechamda ,4/18/2025 15:27,18/04/2025,FALSE,https://www.tiktok.com/@xukamechamda,nh·∫°c n·ªÅn - Xuka m√™ chƒÉm da,7.49457E+18,https://www.tiktok.com/@xukamechamda/video/7494566929223421202,54,10,0,560,0,1,"skincare, reviewmypham, dadaumun, phuchoidamongyeu, embryolisse, xukamechamda",FALSE,FALSE,xukamechamda,FALSE,TRUE,FALSE,0,6,9,0,0,1,0,0,0,FALSE
#skincare #reviewmypham #dadaumun #kemchongnang #taytrang #xukamechamda ,3/31/2025 12:48,31/03/2025,FALSE,https://www.tiktok.com/@xukamechamda,nh·∫°c n·ªÅn - Rainy (d·ª©a),7.28374E+18,https://www.tiktok.com/@xukamechamda/video/7487846313392950533,0,6686,311,310000,2079,64,"skincare, reviewmypham, dadaumun, kemchongnang, taytrang, xukamechamda",TRUE,FALSE,xukamechamda,FALSE,TRUE,FALSE,0,6,0,0,0,1,0,0,0,FALSE
Live l·ªßng g√¨ t·∫ßm n√†yyy ,3/29/2025 19:16,29/03/2025,FALSE,https://www.tiktok.com/@xukamechamda,nh·∫°c n·ªÅn - Xuka m√™ chƒÉm da,7.4872E+18,https://www.tiktok.com/@xukamechamda/video/7487204200187825414,18,17,0,677,2,7,,FALSE,FALSE,xukamechamda,FALSE,TRUE,FALSE,0,0,5,0,0,0,1,0,1,FALSE
Li·ªáu kem ch·ªëng n·∫Øng Laroche posay phi√™n b·∫£n m·ªõi c√≥ ƒë√°ng th·ª≠? #reviewmypham #skincare #kemchongnang #larocheposay #kemchongnanglarocheposay #xukadireview ,3/26/2025 12:00,26/03/2025,FALSE,https://www.tiktok.com/@xukamechamda,nh·∫°c n·ªÅn - Xuka m√™ chƒÉm da,7.48598E+18,https://www.tiktok.com/@xukamechamda/video/7485978568539868434,67,21,2,767,1,3,"reviewmypham, skincare, kemchongnang, larocheposay, kemchongnanglarocheposay, xukadireview",FALSE,FALSE,xukamechamda,FALSE,TRUE,FALSE,0,6,12,0,0,1,0,0,0,FALSE
Kem ch·ªëng n·∫Øng LRP b·∫£n m·ªõi c√≥ ƒë√°ng th·ª≠??? #skincare #reviewmypham #kemchongnang #larocheposay #xukamechamda ,3/26/2025 7:51,26/03/2025,FALSE,https://www.tiktok.com/@xukamechamda,nh·∫°c n·ªÅn - Xuka m√™ chƒÉm da,7.48591E+18,https://www.tiktok.com/@xukamechamda/video/7485914533899275527,67,12,9,361,2,2,"skincare, reviewmypham, kemchongnang, larocheposay, xukamechamda",FALSE,FALSE,xukamechamda,FALSE,TRUE,FALSE,0,5,9,0,1,0,0,0,0,FALSE
Toner v√¥ th∆∞∆°ng v√¥ phat ? #skincare #reviewmypham #toner ,3/19/2025 15:26,19/03/2025,FALSE,https://www.tiktok.com/@xukamechamda,nh·∫°c n·ªÅn - Xuka m√™ chƒÉm da,7.48343E+18,https://www.tiktok.com/@xukamechamda/video/7483434081804406023,43,11,0,374,1,0,"skincare, reviewmypham, toner",FALSE,FALSE,xukamechamda,FALSE,TRUE,FALSE,0,3,6,0,0,1,0,0,0,FALSE
Toner c√≥ th·∫≠t s·ª± c·∫ßn thi·∫øt? #skincare #skincareroutine #chamsocda #reviewmypham #toner #tonerklairs ,3/18/2025 17:59,18/03/2025,FALSE,https://www.tiktok.com/@xukamechamda,nh·∫°c n·ªÅn - Xuka m√™ chƒÉm da,7.4831E+18,https://www.tiktok.com/@xukamechamda/video/7483102399511465234,67,15,1,466,4,0,"skincare, skincareroutine, chamsocda, reviewmypham, toner, tonerklairs",FALSE,FALSE,xukamechamda,FALSE,TRUE,FALSE,0,6,6,0,0,1,0,0,0,FALSE
"B·∫°n c√≥ bi·∫øt vi·ªác ch·ªçn sai m·ªôt tu√Ωp kem ch·ªëng n·∫Øng c√≥ th·ªÉ tr·ªü th√†nh ‚Äúth·ªß ph·∫°m‚Äù h·ªßy ho·∫°i l√†n da thay v√¨ b·∫£o v·ªá n√≥? 
Ch·ªçn sai ‚Äì Da kh√¥ng ƒë∆∞·ª£c b·∫£o v·ªá t·ªëi ∆∞u, th·∫≠m ch√≠ c√≤n t·ªá h∆°n:
- B√≠t t·∫Øc l·ªó ch√¢n l√¥ng ‚Üí M·ª•n ·ªì ·∫°t k√©o ƒë·∫øn
- Ch·ªëng n·∫Øng y·∫øu ‚Üí Da s·∫°m ƒëen d√π ƒë√£ chƒÉm ch·ªâ b√¥i
- K·∫øt c·∫•u kh√¥ng ph√π h·ª£p ‚Üí ƒê·ªï d·∫ßu, v√≥n c·ª•c, xu·ªëng tone th·∫£m h·∫°i
B·∫°n c√≥ ch·∫Øc m√¨nh ƒëang d√πng ƒë√∫ng lo·∫°i kem ch·ªëng n·∫Øng kh√¥ng? N·∫øu ch∆∞a, h√£y ƒë·ªÉ Xuka gi√∫p b·∫°n t√¨m ra ‚Äúch√¢n √°i‚Äù ch·ªëng n·∫Øng cho l√†n da nh√©:
#skincare #chamsocda #skincareroutine #reviewmypham #xukamechamda ",3/18/2025 8:37,18/03/2025,FALSE,https://www.tiktok.com/@xukamechamda,nh·∫°c n·ªÅn - B√© Shinn,7.48262E+18,https://www.tiktok.com/@xukamechamda/video/7482957515123117330,0,14,3,602,2,3,"skincare, chamsocda, skincareroutine, reviewmypham, xukamechamda",TRUE,FALSE,xukamechamda,FALSE,TRUE,FALSE,0,5,110,0,1,0,0,0,0,FALSE
#skincare #chamsocda #skincareroutine #reviewmypham #xukamechamda ,3/17/2025 12:21,17/03/2025,FALSE,https://www.tiktok.com/@xukamechamda,nh·∫°c n·ªÅn - B√© Shinn,7.48262E+18,https://www.tiktok.com/@xukamechamda/video/7482644385826409735,0,60,0,2058,15,0,"skincare, chamsocda, skincareroutine, reviewmypham, xukamechamda",TRUE,FALSE,xukamechamda,FALSE,TRUE,FALSE,0,5,0,0,0,1,0,0,0,FALSE
Sao em d√πng ƒë·ªß c·∫£ m√† kh√¥ng ƒë·∫πp? #skincare #chamsocda #skincareroutine #xukamechamda ,3/16/2025 21:35,16/03/2025,FALSE,https://www.tiktok.com/@xukamechamda,nh·∫°c n·ªÅn - Xuka m√™ chƒÉm da,7.48242E+18,https://www.tiktok.com/@xukamechamda/video/7482416087091383559,14,15,3,555,0,3,"skincare, chamsocda, skincareroutine, xukamechamda",FALSE,FALSE,xukamechamda,FALSE,TRUE,FALSE,0,4,8,0,0,0,1,0,1,FALSE
Ph·ª•c h·ªìi nh∆∞ng lo b√≠ da? #skincare #reviewmypham #chamsocda #kemduongphuchoida #embryolisse ,3/13/2025 23:52,13/03/2025,FALSE,https://www.tiktok.com/@xukamechamda,nh·∫°c n·ªÅn - Xuka m√™ chƒÉm da,7.48134E+18,https://www.tiktok.com/@xukamechamda/video/7481338011049807122,61,13,2,1650,2,3,"skincare, reviewmypham, chamsocda, kemduongphuchoida, embryolisse",FALSE,FALSE,xukamechamda,FALSE,TRUE,FALSE,0,5,6,0,0,0,0,1,0,FALSE
B·∫°n ch·ªçn b√™n n√†o? #skincare #review #reviewmypham #chamsocda #drpepti #cnp #keoongcnp #toner ,3/12/2025 8:14,12/3/2025,FALSE,https://www.tiktok.com/@xukamechamda,nh·∫°c n·ªÅn - Xuka m√™ chƒÉm da,7.48073E+18,https://www.tiktok.com/@xukamechamda/video/7480725073876307201,45,11,5,368,0,0,"skincare, review, reviewmypham, chamsocda, drpepti, cnp, keoongcnp, toner",FALSE,FALSE,xukamechamda,FALSE,TRUE,FALSE,0,8,4,0,1,0,0,0,0,FALSE
Da d·∫ßu v√† da d·∫ßu m·ª•n c·∫ßn t√¨n sp ph·ª•c h·ªìi th√¨ ƒë·ª´ng b·ªè qua em n√≥ #skincare #chamsocda #review #reviewmypham #kemduongphuchoida #embryolisse ,3/11/2025 23:47,11/3/2025,FALSE,https://www.tiktok.com/@xukamechamda,nh·∫°c n·ªÅn - Xuka m√™ chƒÉm da,7.48059E+18,https://www.tiktok.com/@xukamechamda/video/7480594499803057415,60,16,1,8523,2,1,"skincare, chamsocda, review, reviewmypham, kemduongphuchoida, embryolisse",FALSE,FALSE,xukamechamda,FALSE,TRUE,FALSE,0,6,17,0,0,0,0,1,0,FALSE
"B·∫°n c√≥ tin kh√¥ng?
Gi√†u hay ngh√®o kh√¥ng quan tr·ªçng, ph·ª• n·ªØ nh·∫•t ƒë·ªãnh ph·∫£i bi·∫øt chƒÉm ch√∫t b·∫£n th√¢n! V√¨ khi b·∫°n y√™u th∆∞∆°ng ch√≠nh m√¨nh, c·∫£ th·∫ø gi·ªõi s·∫Ω y√™u th∆∞∆°ng b·∫°n.
T√¥i t·ª´ng nghƒ© l√†m ƒë·∫πp l√† chuy·ªán c·ªßa ng∆∞·ªùi c√≥ ti·ªÅn, cho ƒë·∫øn khi nh·∫≠n ra: kh√¥ng c√≥ ƒëi·ªÅu ki·ªán ƒëi spa, v·∫´n c√≥ th·ªÉ chƒÉm da t·∫°i nh√†. Kh√¥ng c√≥ qu·∫ßn √°o ƒë·∫Øt ti·ªÅn, v·∫´n c√≥ th·ªÉ ƒÉn m·∫∑c g·ªçn g√†ng, ch·ªân chu. Kh√¥ng c√≥ nhi·ªÅu th·ªùi gian, nh∆∞ng 5 ph√∫t m·ªói ng√†y c≈©ng ƒë·ªß ƒë·ªÉ r·∫°ng r·ª° h∆°n. S·ª± kh√°c bi·ªát gi·ªØa m·ªôt ng∆∞·ªùi cu·ªën h√∫t v√† m·ªôt ng∆∞·ªùi m·ªù nh·∫°t kh√¥ng n·∫±m ·ªü t√∫i ti·ªÅn, m√† ·ªü c√°ch h·ªç y√™u th∆∞∆°ng ch√≠nh m√¨nh.
H√¥m nay, h√£y ch·ªçn m·ªôt ƒëi·ªÅu nh·ªè nh·∫•t ƒë·ªÉ n√¢ng c·∫•p ch√≠nh b·∫°n! Xuka tin r·∫±ng M·ªôt th√≥i quen l√†m ƒë·∫πp, m·ªôt b·ªô trang ph·ª•c ch·ªânh t·ªÅ, hay ƒë∆°n gi·∫£n l√† m·ªôt n·ª• c∆∞·ªùi t·ª± tin. V√¨ b·∫°n x·ª©ng ƒë√°ng tr·ªü th√†nh phi√™n b·∫£n ƒë·∫πp nh·∫•t c·ªßa ch√≠nh m√¨nh!
B√≠ k√≠p tui n√¢ng c·∫•p b·∫£n th√¢n m·∫∑c k·ªá gi√†u hay ngh√®o p2
#skincare
#chamsocda
#nangcapbanthan
#xukamechamda ",3/11/2025 10:02,11/3/2025,FALSE,https://www.tiktok.com/@xukamechamda,nh·∫°c n·ªÅn - ùòºùôßùôûùô® ùôàùô™ùô®ùôûùôò,7.47121E+18,https://www.tiktok.com/@xukamechamda/video/7480381865908571400,0,19,1,678,2,3,"skincare, chamsocda, nangcapbanthan, xukamechamda",TRUE,FALSE,xukamechamda,FALSE,TRUE,FALSE,0,4,182,0,1,0,0,0,0,FALSE
#skincare #chamsocda #reviewmypham #xukamechamda ,3/9/2025 17:22,9/3/2025,FALSE,https://www.tiktok.com/@xukamechamda,nh·∫°c n·ªÅn - ùòºùôßùôûùô® ùôàùô™ùô®ùôûùôò,7.47121E+18,https://www.tiktok.com/@xukamechamda/video/7479753024282365185,0,34,2,692,4,2,"skincare, chamsocda, reviewmypham, xukamechamda",TRUE,FALSE,xukamechamda,FALSE,TRUE,FALSE,0,4,0,0,0,1,0,0,1,FALSE
C√≥ ƒëang qu√° th·∫ßn th√°nh toner dr pepti? #review #reviewmypham #toner #tonerdrpepti #drpepti #xukamechamda ,3/8/2025 21:37,8/3/2025,FALSE,https://www.tiktok.com/@xukamechamda,nh·∫°c n·ªÅn - Xuka m√™ chƒÉm da,7.47945E+18,https://www.tiktok.com/@xukamechamda/video/7479447928311041298,48,4,0,246,0,1,"review, reviewmypham, toner, tonerdrpepti, drpepti, xukamechamda",FALSE,FALSE,xukamechamda,FALSE,TRUE,FALSE,0,6,8,0,0,0,1,0,1,FALSE
Tui g·ª•t ng√£ #review #reviewmypham ,3/7/2025 21:56,7/3/2025,FALSE,https://www.tiktok.com/@xukamechamda,nh·∫°c n·ªÅn - Xuka m√™ chƒÉm da,7.47908E+18,https://www.tiktok.com/@xukamechamda/video/7479081687142485266,13,8,1,294,0,4,"review, reviewmypham",FALSE,FALSE,xukamechamda,FALSE,TRUE,FALSE,0,2,3,0,0,0,1,0,0,FALSE
Kem n·ªÅn c√≥ nh·∫•t thi·∫øt ph·∫£i ƒë·∫Øt? #review #reviewmypham #kemnen #makeup #kemnencarslan ,3/7/2025 14:43,7/3/2025,FALSE,https://www.tiktok.com/@xukamechamda,nh·∫°c n·ªÅn - Xuka m√™ chƒÉm da,7.47897E+18,https://www.tiktok.com/@xukamechamda/video/7478969796147596560,59,8,5,246,0,1,"review, reviewmypham, kemnen, makeup, kemnencarslan",FALSE,FALSE,xukamechamda,FALSE,TRUE,FALSE,0,5,7,0,0,1,0,0,0,FALSE
Top ph·∫•n ph·ªß b√¨nh d√¢n tui iu th√≠ch #review #reviewmypham #makeup #ph·∫•nph·ªß #phanphukiemdau #colorkey #xukamechamda ,3/5/2025 10:03,5/3/2025,FALSE,https://www.tiktok.com/@xukamechamda,nh·∫°c n·ªÅn - Xuka m√™ chƒÉm da,7.47816E+18,https://www.tiktok.com/@xukamechamda/video/7478155622928731410,75,7,1,265,0,0,"review, reviewmypham, makeup, ph·∫•nph·ªß, phanphukiemdau, colorkey, xukamechamda",FALSE,FALSE,xukamechamda,FALSE,TRUE,FALSE,0,7,8,0,1,0,0,0,0,FALSE
Ph·∫•n ph·ªß m√† tui nghƒ© n√≥ c·∫ßn ƒë∆∞·ª£c viral h∆°nnn #review #reviewmypham #makeup #ph·∫•nph·ªß #phanphukiemdau #colorkey #phanphucolorkey #phanphudangbot ,3/4/2025 9:08,4/3/2025,FALSE,https://www.tiktok.com/@xukamechamda,nh·∫°c n·ªÅn - Xuka m√™ chƒÉm da,7.47777E+18,https://www.tiktok.com/@xukamechamda/video/7477770496222711047,40,8,1,279,1,2,"review, reviewmypham, makeup, ph·∫•nph·ªß, phanphukiemdau, colorkey, phanphucolorkey, phanphudangbot",FALSE,FALSE,xukamechamda,FALSE,TRUE,FALSE,0,8,10,0,1,0,0,0,0,FALSE
L·ª±a ch·ªçn dr Pepti hay CNP? #review #reviewmypham #sosanh #cnp #drpepti ,3/3/2025 11:18,3/3/2025,FALSE,https://www.tiktok.com/@xukamechamda,nh·∫°c n·ªÅn - Xuka m√™ chƒÉm da,7.47743E+18,https://www.tiktok.com/@xukamechamda/video/7477432939857415431,57,10,0,245,3,1,"review, reviewmypham, sosanh, cnp, drpepti",FALSE,FALSE,xukamechamda,FALSE,TRUE,FALSE,0,5,6,0,1,0,0,0,0,FALSE
,3/2/2025 20:01,2/3/2025,FALSE,https://www.tiktok.com/@xukamechamda,nh·∫°c n·ªÅn - Xuka m√™ chƒÉm da,7.4772E+18,https://www.tiktok.com/@xukamechamda/video/7477196373583056145,72,15,1,1799,0,3,,FALSE,FALSE,xukamechamda,FALSE,TRUE,FALSE,0,0,0,0,0,0,1,0,1,FALSE
T·∫°i sao l·∫°i kh√¥ng ch·ªçn toner dt pepti? #review #reviewmypham #xukamechamda #skincare #toner #cnp #drpepti ,3/2/2025 17:54,2/3/2025,FALSE,https://www.tiktok.com/@xukamechamda,nh·∫°c n·ªÅn - Xuka m√™ chƒÉm da,7.47716E+18,https://www.tiktok.com/@xukamechamda/video/7477163776169561352,59,11,1,462,1,4,"review, reviewmypham, xukamechamda, skincare, toner, cnp, drpepti",FALSE,FALSE,xukamechamda,FALSE,TRUE,FALSE,0,7,8,0,0,1,0,0,1,FALSE
#review #reviewmypham #xukamechamda #skincare #toner #serum #kemduong #kemchongnang #sonduong #kemmat ,2/27/2025 10:33,27/02/2025,FALSE,https://www.tiktok.com/@xukamechamda,nh·∫°c n·ªÅn - ùòºùôßùôûùô® ùôàùô™ùô®ùôûùôò,7.47121E+18,https://www.tiktok.com/@xukamechamda/video/7475936684152982801,0,502,10,42100,128,3,"review, reviewmypham, xukamechamda, skincare, toner, serum, kemduong, kemchongnang, sonduong, kemmat",TRUE,FALSE,xukamechamda,FALSE,TRUE,FALSE,0,10,0,0,1,0,0,0,0,FALSE
Sai l·∫ßm nh·∫•t trong skincare c·ªßa m√¨nh #review #reviewmypham #dadaumun #xukamechamda #kemduongtrangda #kemduongvitamintree #vitamintreewatergel #imfromvn ,2/24/2025 19:18,24/02/2025,FALSE,https://www.tiktok.com/@xukamechamda,nh·∫°c n·ªÅn - Xuka m√™ chƒÉm da,7.47496E+18,https://www.tiktok.com/@xukamechamda/video/7474959043174386952,100,11,3,413,0,0,"review, reviewmypham, dadaumun, xukamechamda, kemduongtrangda, kemduongvitamintree, vitamintreewatergel, imfromvn",FALSE,FALSE,xukamechamda,FALSE,TRUE,FALSE,0,8,7,0,0,0,1,0,0,FALSE
Kem d∆∞·ª°ng ph·ª•c h·ªìi kh√¥ng g√¢y b√≠ da? #review #reviewmypham #kemduong #phuchoi #embryolisse ,2/18/2025 8:54,18/02/2025,TRUE,https://www.tiktok.com/@xukamechamda,nh·∫°c n·ªÅn - Xuka m√™ chƒÉm da,7.47257E+18,https://www.tiktok.com/@xukamechamda/video/7472571522171931912,62,187,10,69500,21,21,"review, reviewmypham, kemduong, phuchoi, embryolisse",FALSE,FALSE,xukamechamda,FALSE,TRUE,FALSE,0,5,8,0,1,0,0,0,0,TRUE
D·∫ßu g·ªôi kh√¥ b·∫°n ƒë√£ th·ª≠ ch∆∞a? #review #reviewmypham #daugoikho #batiste ,2/10/2025 18:55,10/2/2025,FALSE,https://www.tiktok.com/@xukamechamda,nh·∫°c n·ªÅn - Xuka m√™ chƒÉm da,7.46976E+18,https://www.tiktok.com/@xukamechamda/video/7469757934222822674,39,10,0,206,2,2,"review, reviewmypham, daugoikho, batiste",FALSE,FALSE,xukamechamda,FALSE,TRUE,FALSE,0,4,7,0,0,0,1,0,0,FALSE
Ch√™!!! #review #reviewmypham #serum #angelliquid ,2/9/2025 10:44,9/2/2025,FALSE,https://www.tiktok.com/@xukamechamda,nh·∫°c n·ªÅn - Xuka m√™ chƒÉm da,7.46926E+18,https://www.tiktok.com/@xukamechamda/video/7469260115288329490,40,5,0,235,0,0,"review, reviewmypham, serum, angelliquid",FALSE,FALSE,xukamechamda,FALSE,TRUE,FALSE,0,4,1,0,1,0,0,0,1,FALSE
Kem ch·ªëng n·∫Øng centella skin1004 d√πng r·∫•t ch√°n? #review #reviewmypham #dadaumun #kemchongnang #centellaskin1004 ,2/7/2025 16:47,7/2/2025,FALSE,https://www.tiktok.com/@xukamechamda,nh·∫°c n·ªÅn - Xuka m√™ chƒÉm da,7.46861E+18,https://www.tiktok.com/@xukamechamda/video/7468611667207687442,84,10,5,282,1,0,"review, reviewmypham, dadaumun, kemchongnang, centellaskin1004",FALSE,FALSE,xukamechamda,FALSE,TRUE,FALSE,0,5,8,0,0,1,0,0,0,FALSE
Kem d∆∞·ª°ng m√† da d·∫ßu m·ª•n m√πa n√†y kh√¥ng n√™n b·ªè qua #review #reviewmypham #dadaumun ,2/6/2025 17:29,6/2/2025,FALSE,https://www.tiktok.com/@xukamechamda,nh·∫°c n·ªÅn - Xuka m√™ chƒÉm da,7.46825E+18,https://www.tiktok.com/@xukamechamda/video/7468251329639599378,37,26,0,772,0,3,"review, reviewmypham, dadaumun",FALSE,FALSE,xukamechamda,FALSE,TRUE,FALSE,0,3,12,0,0,1,0,0,0,FALSE
"Da nh·∫°y c·∫£m, d·ªÖ n·ªïi mun ƒë·ªÉ √Ω nha #review #reviewmypham #dadaumun #suaruamat #suaruamatngaicuu ",1/31/2025 18:13,31/01/2025,FALSE,https://www.tiktok.com/@xukamechamda,nh·∫°c n·ªÅn - Xuka m√™ chƒÉm da,7.46604E+18,https://www.tiktok.com/@xukamechamda/video/7466036237783043336,65,10,0,237,1,1,"review, reviewmypham, dadaumun, suaruamat, suaruamatngaicuu",FALSE,FALSE,xukamechamda,FALSE,TRUE,FALSE,0,5,9,0,0,0,1,0,0,FALSE
Th·ª© kh√¥ng th·ªÉ thi·∫øu m·ªói khi ra ngo√†i #review #reviewmypham #kemchongnang #centella #skin1004 #xukamechamda ,1/26/2025 21:59,26/01/2025,FALSE,https://www.tiktok.com/@xukamechamda,nh·∫°c n·ªÅn - Xuka m√™ chƒÉm da,7.46424E+18,https://www.tiktok.com/@xukamechamda/video/7464239018893430034,44,7,0,255,1,2,"review, reviewmypham, kemchongnang, centella, skin1004, xukamechamda",FALSE,FALSE,xukamechamda,FALSE,TRUE,FALSE,0,6,8,0,0,0,1,0,1,FALSE
M·∫°t n·∫° ch√¢n √°i c·ªßa tui #review #reviewmypham #matnamedianswer ,1/25/2025 22:12,25/01/2025,FALSE,https://www.tiktok.com/@xukamechamda,nh·∫°c n·ªÅn - Xuka m√™ chƒÉm da,7.46387E+18,https://www.tiktok.com/@xukamechamda/video/7463871292219903240,77,4,2,439,0,0,"review, reviewmypham, matnamedianswer",FALSE,FALSE,xukamechamda,FALSE,TRUE,FALSE,0,3,6,0,0,0,0,1,1,FALSE
Viem m√†ng t√∫i th√¨ ph·∫£i gh√© ƒë√¢y #review #reviewmypham #taytrang #taytrangjmsolution #jmsolution ,1/22/2025 18:36,22/01/2025,FALSE,https://www.tiktok.com/@xukamechamda,nh·∫°c n·ªÅn - Xuka m√™ chƒÉm da,7.4627E+18,https://www.tiktok.com/@xukamechamda/video/7462702360171646216,48,7,0,257,0,0,"review, reviewmypham, taytrang, taytrangjmsolution, jmsolution",FALSE,FALSE,xukamechamda,FALSE,TRUE,FALSE,0,5,7,0,0,0,1,0,0,FALSE
M√° h·ªìng ph·∫£i c√≥ m·ªõi xinh nhaaa #review #reviewmypham #mahong #phanmamaybelline #maybelline #mahongmaybelline30 ,1/20/2025 20:44,20/01/2025,FALSE,https://www.tiktok.com/@xukamechamda,nh·∫°c n·ªÅn - Xuka m√™ chƒÉm da,7.46199E+18,https://www.tiktok.com/@xukamechamda/video/7461993175394110727,48,15,2,2191,1,2,"review, reviewmypham, mahong, phanmamaybelline, maybelline, mahongmaybelline30",FALSE,FALSE,xukamechamda,FALSE,TRUE,FALSE,0,6,7,0,0,0,1,0,0,FALSE
X·ª©ng ƒë√°ng ph·∫£i c√≥ trong d·ªãp T·∫øt #reviewmypham #daugoikhobatiste #tet2025 ,1/17/2025 21:24,17/01/2025,FALSE,https://www.tiktok.com/@xukamechamda,nh·∫°c n·ªÅn - Xuka m√™ chƒÉm da,7.46089E+18,https://www.tiktok.com/@xukamechamda/video/7460890227259804936,34,4,0,248,0,0,"reviewmypham, daugoikhobatiste, tet2025",FALSE,FALSE,xukamechamda,FALSE,TRUE,TRUE,0,3,7,0,0,0,1,0,0,FALSE
Video trc bi l·ªói em ƒëƒÉng l·∫°i n√® #reviewmypham #daugoikhobatiste #tet2025 #daugoikho ,1/16/2025 19:46,16/01/2025,FALSE,https://www.tiktok.com/@xukamechamda,nh·∫°c n·ªÅn - Xuka m√™ chƒÉm da,7.46049E+18,https://www.tiktok.com/@xukamechamda/video/7460493832098991367,76,7,0,177,0,0,"reviewmypham, daugoikhobatiste, tet2025, daugoikho",FALSE,FALSE,xukamechamda,FALSE,TRUE,TRUE,0,4,8,0,0,0,1,0,0,FALSE
#reviewmypham #medipeel #duongtrangda ,1/14/2025 20:29,14/01/2025,FALSE,https://www.tiktok.com/@xukamechamda,nh·∫°c n·ªÅn - Xuka m√™ chƒÉm da,7.45976E+18,https://www.tiktok.com/@xukamechamda/video/7459762764433591560,78,16,1,1852,1,3,"reviewmypham, medipeel, duongtrangda",FALSE,FALSE,xukamechamda,FALSE,TRUE,FALSE,0,3,0,0,0,0,1,0,0,FALSE
Kem d∆∞·ª°ng cho ng√†y T·∫øt n√® #review #reviewmypham #xukamechamda #forencos ,1/12/2025 21:22,12/1/2025,FALSE,https://www.tiktok.com/@xukamechamda,nh·∫°c n·ªÅn - Xuka m√™ chƒÉm da,7.45903E+18,https://www.tiktok.com/@xukamechamda/video/7459034318183107858,50,6,2,535,0,1,"review, reviewmypham, xukamechamda, forencos",FALSE,FALSE,xukamechamda,FALSE,TRUE,TRUE,0,4,6,0,0,0,1,0,1,FALSE
Keo ong CNP c√≥ t·ªët nh∆∞ l·ªùi ƒë·ªìn? #review #reviewmypham #xukamechamda #keoongcnp ,1/10/2025 18:09,10/1/2025,FALSE,https://www.tiktok.com/@xukamechamda,nh·∫°c n·ªÅn - Xuka m√™ chƒÉm da,7.45824E+18,https://www.tiktok.com/@xukamechamda/video/7458242394115345672,57,9,2,1312,2,0,"review, reviewmypham, xukamechamda, keoongcnp",FALSE,FALSE,xukamechamda,FALSE,TRUE,FALSE,0,4,8,0,0,0,1,0,0,FALSE
3 sai l·∫ßm khi s·ª≠ d·ª•ng vitaminC m√† nhi·ªÅu ng∆∞·ªùi m·∫Øc ph·∫£i #review #reviewmypham #xukamechamda #xuhuong ,1/3/2025 18:27,3/1/2025,FALSE,https://www.tiktok.com/@xukamechamda,nh·∫°c n·ªÅn - Xuka c√¥ ch·ªß nh·ªè ‚òòÔ∏è,7.45565E+18,https://www.tiktok.com/@xukamechamda/video/7455649264052489490,103,7,0,397,1,1,"review, reviewmypham, xukamechamda, xuhuong",FALSE,FALSE,xukamechamda,FALSE,TRUE,FALSE,0,4,12,0,0,0,1,0,0,FALSE
3 s·∫£n ph·∫©m d∆∞·ª°ng ·∫©m ƒë·ªânh nh·∫•t m√πa hanh kh√¥ #review #reviewmypham #skincare #klairsmidnightbluecalmingcream #xuhuong #forencos #embryolisse ,1/2/2025 19:23,2/1/2025,FALSE,https://www.tiktok.com/@xukamechamda,nh·∫°c n·ªÅn - Xuka c√¥ ch·ªß nh·ªè ‚òòÔ∏è,7.45529E+18,https://www.tiktok.com/@xukamechamda/video/7455292825639390471,105,49,3,2267,5,0,"review, reviewmypham, skincare, klairsmidnightbluecalmingcream, xuhuong, forencos, embryolisse",FALSE,FALSE,xukamechamda,FALSE,TRUE,TRUE,0,7,10,0,0,0,1,0,0,FALSE
3 sai l·∫ßm khi ƒë·∫Øp m·∫∑t n·∫° nhi·ªÅu ng∆∞·ªùi m·∫Øc ph·∫£i! #skincare #review #reviewmypham #xuhuong ,12/18/2024 10:27,18/12/2024,FALSE,https://www.tiktok.com/@xukamechamda,nh·∫°c n·ªÅn - Xuka c√¥ ch·ªß nh·ªè ‚òòÔ∏è,7.44959E+18,https://www.tiktok.com/@xukamechamda/video/7449588271488830727,74,15,0,497,1,4,"skincare, review, reviewmypham, xuhuong",FALSE,FALSE,xukamechamda,FALSE,TRUE,FALSE,0,4,11,0,1,0,0,0,0,FALSE
Kem d∆∞·ª°ng nhi·ªÅu th·ªã phi nh·∫•t? #review #reviewmypham #kemduongvitamintree #imfrom #xukacoxhunho #xuhuong #learnontiktok ,9/20/2024 19:37,20/09/2024,FALSE,https://www.tiktok.com/@xukamechamda,nh·∫°c n·ªÅn - Xuka c√¥ ch·ªß nh·ªè ‚òòÔ∏è,7.4167E+18,https://www.tiktok.com/@xukamechamda/video/7416703359761124616,82,11,0,832,1,1,"review, reviewmypham, kemduongvitamintree, imfrom, xukacoxhunho, xuhuong, learnontiktok",FALSE,FALSE,xukamechamda,FALSE,TRUE,FALSE,0,7,6,0,0,0,1,0,0,FALSE
Ph√¢n bi·ªát 4 d√≤ng dung d·ªãch v·ªá sinh c·ªßa Femfresh #reviewmypham #review #dungdichvesinh #femfresh ,9/19/2024 11:32,19/09/2024,FALSE,https://www.tiktok.com/@xukamechamda,nh·∫°c n·ªÅn - TI·ªÜM M·ª∏ PH·∫®M XUKA,7.41621E+18,https://www.tiktok.com/@xukamechamda/video/7416207519825054983,49,13,3,575,1,6,"reviewmypham, review, dungdichvesinh, femfresh",FALSE,FALSE,xukamechamda,FALSE,TRUE,FALSE,0,4,10,0,1,0,0,0,0,FALSE
B√≠ k√≠p kh√¥ng c·∫ßn make up v·∫´n xinh ƒë·∫πp cu·ªën h√∫t. #review #skincare #tips #tipsmakeup #reviewmypham #myphamchinhhang #cochutiemxuka ,8/27/2024 11:20,27/08/2024,FALSE,https://www.tiktok.com/@xukamechamda,nh·∫°c n·ªÅn - Huy PT Remixxxüé∂,7.32606E+18,https://www.tiktok.com/@xukamechamda/video/7407669423131069704,0,68,4,3017,12,1,"review, skincare, tips, tipsmakeup, reviewmypham, myphamchinhhang, cochutiemxuka",TRUE,FALSE,xukamechamda,FALSE,TRUE,FALSE,0,7,11,0,1,0,0,0,0,FALSE
Con g√°i d√πng g√¨ ƒë·ªÉ m·∫∑t m·ªôc v·∫´n xinh? #skincare #reviewmypham #myphamchinhhang #cochutiemxuka #taytrang #xukacosmetics #kemduong ,8/13/2024 17:22,13/08/2024,FALSE,https://www.tiktok.com/@xukamechamda,nh·∫°c n·ªÅn - TI·ªÜM M·ª∏ PH·∫®M XUKA,7.40257E+18,https://www.tiktok.com/@xukamechamda/video/7402567407153188114,18,10,2,615,1,0,"skincare, reviewmypham, myphamchinhhang, cochutiemxuka, taytrang, xukacosmetics, kemduong",FALSE,FALSE,xukamechamda,FALSE,TRUE,FALSE,0,7,9,0,0,1,0,0,0,FALSE
N∆∞·ªõc gi·∫∑t ƒë·ªì l√≥t siu c·∫ßn thi·∫øt cho ch·ªã em m√¨nh #reviewmypham #skincare #nuocgiatdochip ,8/7/2024 12:12,7/8/2024,FALSE,https://www.tiktok.com/@xukamechamda,nh·∫°c n·ªÅn - TI·ªÜM M·ª∏ PH·∫®M XUKA,7.40026E+18,https://www.tiktok.com/@xukamechamda/video/7400261167035223314,60,11,1,435,1,2,"reviewmypham, skincare, nuocgiatdochip",FALSE,FALSE,xukamechamda,FALSE,TRUE,FALSE,0,3,11,0,0,1,0,0,0,FALSE
Kem d∆∞·ª°ng x·ª©ng ƒë√°ng viral h∆°n r·∫•t nhi·ªÅu #reviewmypham #skincare #imfrom #licoricecalmingcream #cochutiemxuka ,8/1/2024 22:17,1/8/2024,FALSE,https://www.tiktok.com/@xukamechamda,nh·∫°c n·ªÅn - TI·ªÜM M·ª∏ PH·∫®M XUKA,7.39819E+18,https://www.tiktok.com/@xukamechamda/video/7398190333680504071,54,10,0,466,0,1,"reviewmypham, skincare, imfrom, licoricecalmingcream, cochutiemxuka",FALSE,FALSE,xukamechamda,FALSE,TRUE,FALSE,0,5,8,0,0,0,0,1,0,FALSE
Review ch√¢n th·ª±c c√°c d√≤ng t·∫©y trang b√¨nh d√¢n t·ªët nh·∫•t hi·ªán nay #skincare #reviewmypham #taytrang #xukacosmetics #cochutiemxuka ,7/12/2024 11:53,12/7/2024,FALSE,https://www.tiktok.com/@xukamechamda,nh·∫°c n·ªÅn - TI·ªÜM M·ª∏ PH·∫®M XUKA,7.39061E+18,https://www.tiktok.com/@xukamechamda/video/7390608055815113992,21,9,5,667,3,2,"skincare, reviewmypham, taytrang, xukacosmetics, cochutiemxuka",FALSE,FALSE,xukamechamda,FALSE,TRUE,FALSE,0,5,13,0,1,0,0,0,0,FALSE
,6/20/2024 19:58,20/06/2024,FALSE,https://www.tiktok.com/@xukamechamda,nh·∫°c n·ªÅn - TI·ªÜM M·ª∏ PH·∫®M XUKA,7.38257E+18,https://www.tiktok.com/@xukamechamda/video/7382569011675991303,58,19,3,662,3,5,,FALSE,FALSE,xukamechamda,FALSE,TRUE,FALSE,0,0,0,0,0,0,1,0,0,FALSE
B√≠ k√≠p s·ªü h·ªØu l√†n da kh√¥ng tu·ªïi ! #skincare #reviewmypham #trending #xuhuong #matnagiay #cochutiemxuka ,6/18/2024 12:00,18/06/2024,FALSE,https://www.tiktok.com/@xukamechamda,nh·∫°c n·ªÅn - TI·ªÜM M·ª∏ PH·∫®M XUKA,7.3817E+18,https://www.tiktok.com/@xukamechamda/video/7381703761019850002,58,13,0,619,1,1,"skincare, reviewmypham, trending, xuhuong, matnagiay, cochutiemxuka",FALSE,FALSE,xukamechamda,FALSE,TRUE,FALSE,0,6,9,0,0,1,0,0,0,FALSE
#skincare #reviewmypham #xuhuong #cochutiemxuka #trending ,6/13/2024 20:28,13/06/2024,FALSE,https://www.tiktok.com/@xukamechamda,nh·∫°c n·ªÅn - C√° Ng√°o üî•,7.37831E+18,https://www.tiktok.com/@xukamechamda/video/7379979301128621330,0,11,3,660,2,3,"skincare, reviewmypham, xuhuong, cochutiemxuka, trending",TRUE,FALSE,xukamechamda,FALSE,TRUE,FALSE,0,5,0,0,0,0,1,0,0,FALSE
Skincare U20 vs U30 c·ªßa c√¥ ·∫•y ƒë√£ thay ƒë·ªïi ntn? #skincare #reviewmypham #taytrang #cochutiemxuka #xuhuong #trending ,6/5/2024 20:23,5/6/2024,FALSE,https://www.tiktok.com/@xukamechamda,nh·∫°c n·ªÅn - üöÄùüêùüéùüéùüì ùêåùêîùêíùêàùêÇüé≤,7.34691E+18,https://www.tiktok.com/@xukamechamda/video/7377009132718656776,0,14,1,827,2,2,"skincare, reviewmypham, taytrang, cochutiemxuka, xuhuong, trending",TRUE,FALSE,xukamechamda,FALSE,TRUE,TRUE,0,6,11,0,0,0,1,0,0,FALSE
T·∫©y trang jm solution #skincare #reviewmypham #myphamchinhhang #taytrang #jmsolution ,6/3/2024 17:52,3/6/2024,FALSE,https://www.tiktok.com/@xukamechamda,nh·∫°c n·ªÅn - TI·ªÜM M·ª∏ PH·∫®M XUKA,7.37623E+18,https://www.tiktok.com/@xukamechamda/video/7376228245802339592,42,12,1,433,2,3,"skincare, reviewmypham, myphamchinhhang, taytrang, jmsolution",FALSE,FALSE,xukamechamda,FALSE,TRUE,FALSE,0,5,4,0,0,1,0,0,0,FALSE
Top 2 s·∫£n ph·∫©m ch√¢m √°i c·ª•a tui #reviewmypham #favourite #skincare #kemchongnang #xitkhoang #cochutiemxuka ,5/17/2024 20:38,17/05/2024,FALSE,https://www.tiktok.com/@xukamechamda,nh·∫°c n·ªÅn - C√¥ ch·ªß ti·ªám Xuka nick m·ªõi,7.36996E+18,https://www.tiktok.com/@xukamechamda/video/7369962590191095047,60,21,5,656,3,2,"reviewmypham, favourite, skincare, kemchongnang, xitkhoang, cochutiemxuka",FALSE,FALSE,xukamechamda,FALSE,TRUE,FALSE,0,6,8,0,0,0,1,0,0,FALSE
Serum d∆∞·ª°ng tr·∫Øng da m·ªù th√¢m nam siu hot hi·ªán nay #skincare #reviewmypham #serum #duongtrangda #mothamnamtannhang #tiam #cocutiemxuka ,5/10/2024 17:59,10/5/2024,FALSE,https://www.tiktok.com/@xukamechamda,nh·∫°c n·ªÅn - C√¥ ch·ªß ti·ªám Xuka nick m·ªõi,7.36732E+18,https://www.tiktok.com/@xukamechamda/video/7367323955478154503,64,15,1,624,2,2,"skincare, reviewmypham, serum, duongtrangda, mothamnamtannhang, tiam, cocutiemxuka",FALSE,FALSE,xukamechamda,FALSE,TRUE,FALSE,0,7,11,0,0,1,0,0,0,FALSE
#review #reviewmypham #skincare #dadaumun #suaruamat #cochutiemxuka #trending ,5/8/2024 21:00,8/5/2024,FALSE,https://www.tiktok.com/@xukamechamda,‡∏û‡∏µ‡πà‡∏ä‡∏≠‡∏ö‡∏´‡∏ô‡∏π‡∏ó‡∏µ‡πà‡∏™‡∏∏‡∏î‡πÄ‡∏•‡∏¢ (I Like You The Most) (Speed Up),7.29614E+18,https://www.tiktok.com/@xukamechamda/video/7366628416491113736,0,10,1,488,3,0,"review, reviewmypham, skincare, dadaumun, suaruamat, cochutiemxuka, trending",TRUE,FALSE,xukamechamda,FALSE,TRUE,FALSE,0,7,0,0,0,0,1,0,0,FALSE
,5/7/2024 21:19,7/5/2024,FALSE,https://www.tiktok.com/@xukamechamda,nh·∫°c n·ªÅn - Th√≠ch Xem Phim,7.36553E+18,https://www.tiktok.com/@xukamechamda/video/7366262157236784391,0,15,2,600,4,0,,TRUE,FALSE,xukamechamda,FALSE,TRUE,FALSE,0,0,0,0,0,0,1,0,0,FALSE
Ch·∫•m ƒëi·ªÉm c√°c d√≤ng s·ªØa t·∫Øm siu h√≥t h√≠t h·ªãn nay #review #reviewmypham #skincare #bodycare #suatam #cochutiemxuka ,5/6/2024 21:16,6/5/2024,FALSE,https://www.tiktok.com/@xukamechamda,nh·∫°c n·ªÅn - B√°o Xinh Shop M·ªπ Ph·∫©n,7.36351E+18,https://www.tiktok.com/@xukamechamda/video/7365890286725106962,0,13,4,604,4,2,"review, reviewmypham, skincare, bodycare, suatam, cochutiemxuka",TRUE,FALSE,xukamechamda,FALSE,TRUE,FALSE,0,6,11,0,0,0,1,0,0,FALSE
Review ch·∫•m ƒëi·ªÉm c√°c d√≤ng serum d∆∞·ª°ng tr·∫Øng da t·ªët nh·∫•t #skincare #reviewmypham #myphamchinhhang #serum #duongtrangda ,5/6/2024 8:58,6/5/2024,FALSE,https://www.tiktok.com/@xukamechamda,,7.35144E+18,https://www.tiktok.com/@xukamechamda/video/7365700029090139410,0,27,4,3146,9,2,"skincare, reviewmypham, myphamchinhhang, serum, duongtrangda",TRUE,FALSE,xukamechamda,FALSE,TRUE,FALSE,0,5,11,0,1,0,0,0,0,FALSE
"Top 6 m·ªπ ph·∫©m qu·ªëc d√¢n, b·∫°n ƒë√£ th·ª≠ qua ch∆∞a? #skincare #review #reviewmypham #myphamchinhhang #kemchongnang #cochutiemxuka94 ",5/4/2024 19:44,4/5/2024,FALSE,https://www.tiktok.com/@xukamechamda,,7.35144E+18,https://www.tiktok.com/@xukamechamda/video/7365124533457636615,0,87,4,9257,17,6,"skincare, review, reviewmypham, myphamchinhhang, kemchongnang, cochutiemxuka94",TRUE,FALSE,xukamechamda,FALSE,TRUE,FALSE,0,6,11,0,0,0,1,0,1,FALSE
Tips l·ª±a ch·ªçn s·∫£n ph·∫©m skincare ph√π h·ª£p v·ªõi t·ª´ng lo·∫°i da #review #myphamchinhhang #skincare #dadaumun #serum #kemduong #glutathione #ha #medipeel #tiam #centella #drg #cochutiemxuka ,5/3/2024 19:04,3/5/2024,FALSE,https://www.tiktok.com/@xukamechamda,nh·∫°c n·ªÅn - B√°o Xinh Shop M·ªπ Ph·∫©n,7.36351E+18,https://www.tiktok.com/@xukamechamda/video/7364743017695137042,0,94,6,9610,29,16,"review, myphamchinhhang, skincare, dadaumun, serum, kemduong, glutathione, ha, medipeel, tiam, centella, drg, cochutiemxuka",TRUE,FALSE,xukamechamda,FALSE,TRUE,FALSE,0,13,12,0,0,0,1,0,0,FALSE
Ch·∫•m ƒëi·ªÉm c√°c d√≤ng collagen ƒë√°ng ƒë·∫ßu t∆∞ nh·∫•t hi·ªán nay #collagen #trending #review #reviewmypham #myphamchinhhang ,5/2/2024 22:00,2/5/2024,FALSE,https://www.tiktok.com/@xukamechamda,,7.35144E+18,https://www.tiktok.com/@xukamechamda/video/7364417298855202056,0,16,1,942,4,1,"collagen, trending, review, reviewmypham, myphamchinhhang",TRUE,FALSE,xukamechamda,FALSE,TRUE,FALSE,0,5,11,0,0,0,0,1,0,FALSE
#review #skincare #reviewmypham #chamsocda #matna #cochutiemxuka,4/26/2024 21:59,26/04/2024,FALSE,https://www.tiktok.com/@xukamechamda,Walking In The Rain DJ Chang,7.293E+18,https://www.tiktok.com/@xukamechamda/video/7362190503607094535,0,14,0,894,4,0,"review, skincare, reviewmypham, chamsocda, matna, cochutiemxuka",TRUE,FALSE,xukamechamda,FALSE,TRUE,FALSE,0,6,0,0,0,0,1,0,0,FALSE
B·∫°n l√† Fan c·ªßa d√≤ng n∆∞·ªõc t·∫©y trang n√†o? #review #skincare #reviewmypham #nuoctaytrang #cochutiemxuka #xukacosmetics #myphamchinhhang ,4/23/2024 19:32,23/04/2024,FALSE,https://www.tiktok.com/@xukamechamda,Walking In The Rain DJ Chang,7.293E+18,https://www.tiktok.com/@xukamechamda/video/7361039517144403218,0,32,6,1256,13,3,"review, skincare, reviewmypham, nuoctaytrang, cochutiemxuka, xukacosmetics, myphamchinhhang",TRUE,FALSE,xukamechamda,FALSE,TRUE,FALSE,0,7,9,0,0,0,1,0,0,FALSE
Ch·∫•m ƒëi·ªÉm top 3 serum c·∫•p ·∫©m cƒÉng b√≥ng ƒë∆∞·ª£c sƒÉn ƒë√≥n nh·∫•t hi·ªán nay #review #skincare #reviewmypham #capam #torriden #histolab #wellage #cochutiemxuka ,4/22/2024 19:41,22/04/2024,FALSE,https://www.tiktok.com/@xukamechamda,Walking In The Rain DJ Chang,7.293E+18,https://www.tiktok.com/@xukamechamda/video/7360670524281785618,0,59,6,5522,14,5,"review, skincare, reviewmypham, capam, torriden, histolab, wellage, cochutiemxuka",TRUE,FALSE,xukamechamda,FALSE,TRUE,FALSE,0,8,15,0,0,0,1,0,0,FALSE
Ch·∫•m ƒëi·ªÉm top 3 kem ch·ªëng n·∫Øng t·ªët nh·∫•t cho da d·∫ßu m·ª•n hi·ªán nay #review #skincare #reviewmypham #dadaumun #kemchongnang #martiderm #larocheposay #drg #xukacosmetic #xukamyphamauth #cochutiemxuka ,4/21/2024 22:11,21/04/2024,FALSE,https://www.tiktok.com/@xukamechamda,Walking In The Rain DJ Chang,7.293E+18,https://www.tiktok.com/@xukamechamda/video/7360338140713749778,0,14,1,956,5,4,"review, skincare, reviewmypham, dadaumun, kemchongnang, martiderm, larocheposay, drg, xukacosmetic, xukamyphamauth, cochutiemxuka",TRUE,FALSE,xukamechamda,FALSE,TRUE,FALSE,0,11,15,0,0,0,0,1,1,FALSE
X·ªãt kho√°ng n√†y li·ªáu c√≥ x·ª©ng ƒë√°ng? #review #skincare #reviewmypham #xitkhoang #kyunglab #cochutiemxuka ,4/20/2024 21:53,20/04/2024,FALSE,https://www.tiktok.com/@xukamechamda,nh·∫°c n·ªÅn - C√¥ ch·ªß ti·ªám Xuka nick m·ªõi,7.35996E+18,https://www.tiktok.com/@xukamechamda/video/7359962412864244999,60,18,5,1506,4,4,"review, skincare, reviewmypham, xitkhoang, kyunglab, cochutiemxuka",FALSE,FALSE,xukamechamda,FALSE,TRUE,FALSE,0,6,7,0,0,0,1,0,1,FALSE
#skincare #review #reviewmypham #trending #kemchongnang #cochutiemxuka ,1/19/2024 13:44,19/01/2024,FALSE,https://www.tiktok.com/@xukamechamda,TAMADA JAPANDEE REMIX,7.26116E+18,https://www.tiktok.com/@xukamechamda/video/7325696680584678674,0,60,3,6906,12,14,"skincare, review, reviewmypham, trending, kemchongnang, cochutiemxuka",TRUE,FALSE,xukamechamda,FALSE,TRUE,FALSE,0,6,0,0,0,1,0,0,0,FALSE
Ch·∫•m ƒëi·ªÉm c√°c d√≤ng serum cho da d·∫ßu m·ª•n tui ƒë√£ d√πng #skincare #review #reviewmypham #trending #serum #dadaumun #cochutiemxuka ,1/12/2024 16:49,12/1/2024,FALSE,https://www.tiktok.com/@xukamechamda,nh·∫°c n·ªÅn - Pam iu ∆°iiüëßüèª,7.30722E+18,https://www.tiktok.com/@xukamechamda/video/7323146731305045255,0,39,1,2282,6,0,"skincare, review, reviewmypham, trending, serum, dadaumun, cochutiemxuka",TRUE,FALSE,xukamechamda,FALSE,TRUE,TRUE,0,7,12,0,0,1,0,0,0,FALSE
Review c√°c d√≤ng s·ªØa r·ª≠a m·∫∑t cho da d·∫ßu  m·ª•n m√† tui ƒë√£ mua ƒëi mua l·∫°i r·∫•t nhi·ªÅu l·∫ßn p1 #trending #skincare #review #reviewmypham #suaruamat #dadaumun #srmcosrx #srmrauma #centella ,1/10/2024 15:02,10/1/2024,FALSE,https://www.tiktok.com/@xukamechamda,M·ªôt NƒÉm M·ªõi B√¨nh An Vinz Remix,7.18074E+18,https://www.tiktok.com/@xukamechamda/video/7322377032506068232,0,36,0,1686,6,3,"trending, skincare, review, reviewmypham, suaruamat, dadaumun, srmcosrx, srmrauma, centella",TRUE,FALSE,xukamechamda,FALSE,TRUE,FALSE,0,9,21,0,0,1,0,0,0,FALSE
M√¨nh ƒë√£ r·∫•t h·ªëi h·∫≠n khi d√πng c√°c s·∫£n ph·∫©m n√†y #trending #skincare #review #reviewmypham ,1/7/2024 17:23,7/1/2024,FALSE,https://www.tiktok.com/@xukamechamda,M·ªôt NƒÉm M·ªõi B√¨nh An Vinz Remix,7.18074E+18,https://www.tiktok.com/@xukamechamda/video/7321300024212638984,0,31,1,3213,9,2,"trending, skincare, review, reviewmypham",TRUE,FALSE,xukamechamda,FALSE,TRUE,FALSE,0,4,11,0,0,1,0,0,1,FALSE
Top s·∫£n ph·∫©m skincare m√¨nh y√™u th√≠ch nh·∫•t nƒÉm 2023 #skincare #review #reviewmypham #sanphamyeuthich #favorite #tet #2023 ,1/1/2024 21:13,1/1/2024,FALSE,https://www.tiktok.com/@xukamechamda,nh·∫°c n·ªÅn - C√¥ ch·ªß ti·ªám Xuka nick m·ªõi,7.31913E+18,https://www.tiktok.com/@xukamechamda/video/7319132902329945351,76,39,6,1297,8,5,"skincare, review, reviewmypham, sanphamyeuthich, favorite, tet, 2023",FALSE,FALSE,xukamechamda,FALSE,TRUE,TRUE,0,7,10,0,0,0,1,0,0,FALSE
